split,vision,level,group,bin,n,control_cg,g_fusion,g_fusion_lo,g_fusion_hi,g_replica,D_replica,D_replica_lo,D_replica_hi,g_crossenc,D_crossenc,D_crossenc_lo,D_crossenc_hi,CG,CG_lo,CG_hi,W_auc_mean
valid,frozen,AUC,all,all,2000,replica,0.015508610450662673,0.011494630375966272,0.019593857918555533,0.01860856965494653,-0.003099959204283854,-0.008920534711257401,0.002845443692407566,0.013490619686432182,0.0020179907642304895,-0.00194508905124773,0.0060702455869643,-0.003099959204283854,-0.008920534711257401,0.002845443692407566,0.9053586696361501
valid,frozen,AUC,twins,0,311,replica,0.013263499753555685,0.006025223193654245,0.020664521045623482,0.019636235812764778,-0.006372736059209092,-0.018028780745416237,0.005126271962481656,0.010506435424201231,0.002757064329354454,-0.005009190960301111,0.010519070242704284,-0.006372736059209092,-0.018028780745416237,0.005126271962481656,0.9401549510617858
valid,frozen,AUC,twins,1-9,464,replica,0.023452499261174094,0.013926594947506914,0.03321746981389293,0.015981990417155124,0.007470508844018966,-0.005394064276074407,0.02028184033585404,0.01530347962197366,0.008149019639200434,-0.0006692943983810323,0.017176879852998133,0.007470508844018966,-0.005394064276074407,0.02028184033585404,0.8886068857792797
valid,frozen,AUC,twins,10-99,614,replica,0.013347774204554342,0.005596772753092563,0.021440340511652008,0.02638394260995422,-0.013036168405399872,-0.024117230792187586,-0.0021567386444344577,0.01127457281778871,0.0020732013867656323,-0.005921749128625362,0.010260581539010466,-0.013036168405399872,-0.024117230792187586,-0.0021567386444344577,0.8945739904431734
valid,frozen,AUC,twins,100+,611,replica,0.012790146414383603,0.005953674458970243,0.019892966213869306,0.012266588635108572,0.0005235577792750297,-0.010117746654677419,0.011241378251562758,0.01585979656500775,-0.0030696501506241496,-0.01004179926903891,0.0036942014078707626,0.0005235577792750297,-0.010117746654677419,0.011241378251562758,0.9112064228451566
valid,frozen,AUC,graph_ok,W perfect,1379,crossenc,-0.01007171056251581,-0.012629925052065588,-0.007594069767205762,0.02293669114261685,-0.03300840170513267,-0.03790385082703113,-0.0283024358355114,-0.006107485284256651,-0.00396422527825916,-0.0066353436541429075,-0.0012045765891292983,-0.00396422527825916,-0.0066353436541429075,-0.0012045765891292983,1.0
valid,frozen,AUC,graph_ok,W not perfect,621,crossenc,0.07231257611438752,0.06158070131824904,0.08313205334074471,0.008997491504387134,0.06331508461000039,0.04940743167137039,0.07769018575298921,0.0570104051205383,0.01530217099384921,0.003936781531141824,0.026742668819920695,0.01530217099384921,0.003936781531141824,0.026742668819920695,0.6951970036590989
valid,frozen,AUC,rooms,≤5,143,replica,0.03871114776493648,0.02005619932490343,0.057962435148146196,0.020736069142783718,0.017975078622152755,-0.0061432955211836015,0.04294445583817173,0.04528033827585635,-0.006569190510919878,-0.02422711234224965,0.01030168326995996,0.017975078622152755,-0.0061432955211836015,0.04294445583817173,0.7784017886367295
valid,frozen,AUC,rooms,6-7,1349,replica,0.014779060716805912,0.00986746371239755,0.019854336131347076,0.017703721452571593,-0.0029246607357656814,-0.009949659071423155,0.004041936006804331,0.011367811382089333,0.0034112493347165786,-0.0012554157657853919,0.008130477014563153,-0.0029246607357656814,-0.009949659071423155,0.004041936006804331,0.9247841394619386
valid,frozen,AUC,rooms,≥8,508,replica,0.010914515480252468,0.003193924243786809,0.01845395572088155,0.020412522013692716,-0.009498006533440254,-0.02140383785755528,0.0018737411560378274,0.010179081584603141,0.0007354338956493246,-0.008030476808924413,0.009135224625377808,-0.009498006533440254,-0.02140383785755528,0.0018737411560378274,0.8895119672501827
valid,frozen,f=0.25,all,all,2000,replica,0.006301587281748652,0.0019585317573044447,0.010786319405492394,0.004208165436983108,0.002093421844765544,-0.004258517602225766,0.008494042643951252,1.827201433479786e-05,0.006283315267413854,0.0024894832104444503,0.010327395373303443,0.002093421844765544,-0.004258517602225766,0.008494042643951252,0.9053586696361501
valid,frozen,f=0.5,all,all,2000,replica,0.005903454167768359,0.001193540506856516,0.01078614173750393,0.005695007024332881,0.0002084471434354782,-0.006705577419325709,0.007290447593387213,0.0050757936462759974,0.000827660521492362,-0.003643799815233797,0.005268372555496171,0.0002084471434354782,-0.006705577419325709,0.007290447593387213,0.9053586696361501
valid,frozen,f=0.75,all,all,2000,replica,0.034320789902471005,0.025061838514043484,0.04350814163954928,0.04592253650352359,-0.011601746601052582,-0.02572166049358202,0.0022087159663322334,0.035377793398685756,-0.0010570034962147474,-0.010361414777254685,0.008396309530572032,-0.011601746601052582,-0.02572166049358202,0.0022087159663322334,0.9053586696361501
valid,head,AUC,all,all,2000,replica,0.02956876254050682,0.025021921715280036,0.03416855179279033,0.01860856965494653,0.010960192885560292,0.004803570010412173,0.017303445299873904,0.013490619686432182,0.016078142854074634,0.01178424206638786,0.020386765814972268,0.010960192885560292,0.004803570010412173,0.017303445299873904,0.9053586696361501
valid,head,AUC,twins,0,311,replica,0.025975701388167283,0.016953750177898463,0.03515422444766644,0.019636235812764778,0.006339465575402509,-0.007113137473262411,0.01956710501038444,0.010506435424201231,0.015469265963966057,0.007320069349525616,0.02366373612792984,0.006339465575402509,-0.007113137473262411,0.01956710501038444,0.9401549510617858
valid,head,AUC,twins,1-9,464,replica,0.036223479263596876,0.025538899504978355,0.04700324204537933,0.015981990417155124,0.02024148884644175,0.006260935708946658,0.03395182618419051,0.01530347962197366,0.020919999641623218,0.01101631186665009,0.030857072553119678,0.02024148884644175,0.006260935708946658,0.03395182618419051,0.8886068857792797
valid,head,AUC,twins,10-99,614,replica,0.031073909672027722,0.02297623098451729,0.03936293899233581,0.02638394260995422,0.004689967062073504,-0.006686007862290759,0.015903594648621237,0.01127457281778871,0.019799336854239014,0.012085832085791087,0.02790659739242524,0.004689967062073504,-0.006686007862290759,0.015903594648621237,0.8945739904431734
valid,head,AUC,twins,100+,611,replica,0.024831435404843925,0.016300205882299294,0.033196672517221984,0.012266588635108572,0.012564846769735355,0.00022170893599996036,0.024693006436915663,0.01585979656500775,0.008971638839836173,0.0012728200053371407,0.0167197486420507,0.012564846769735355,0.00022170893599996036,0.024693006436915663,0.9112064228451566
valid,head,AUC,graph_ok,W perfect,1379,crossenc,-0.006929336868970325,-0.009165256610556676,-0.004834421070872051,0.02293669114261685,-0.029866028011587175,-0.03452650730317813,-0.02539469181880326,-0.006107485284256651,-0.0008218515847136732,-0.0033720086954744767,0.0017645636855734698,-0.0008218515847136732,-0.0033720086954744767,0.0017645636855734698,1.0
valid,head,AUC,graph_ok,W not perfect,621,crossenc,0.1106168770101831,0.0989004011210944,0.12241774480453714,0.008997491504387134,0.10161938550579598,0.08603799226905018,0.11733458271173643,0.0570104051205383,0.05360647188964481,0.04173195062748092,0.06587543197815274,0.05360647188964481,0.04173195062748092,0.06587543197815274,0.6951970036590989
valid,head,AUC,rooms,≤5,143,replica,0.07747435329877067,0.055976695768938926,0.09982823438042586,0.020736069142783718,0.056738284155986946,0.02814095656252912,0.0861401251435827,0.04528033827585635,0.03219401502291431,0.011523483639923825,0.05274518725271216,0.056738284155986946,0.02814095656252912,0.0861401251435827,0.7784017886367295
valid,head,AUC,rooms,6-7,1349,replica,0.023562168279050128,0.018300318514133364,0.028895196401587064,0.017703721452571593,0.005858446826478536,-0.0015981114905673694,0.013270655990522308,0.011367811382089333,0.012194356896960797,0.0073845046570661255,0.017069620908644622,0.005858446826478536,-0.0015981114905673694,0.013270655990522308,0.9247841394619386
valid,head,AUC,rooms,≥8,508,replica,0.03203410935206852,0.02258126717513021,0.04144192924635946,0.020412522013692716,0.011621587338375799,-0.001095889934480408,0.024156577754557963,0.010179081584603141,0.02185502776746537,0.012352717024524111,0.03116388378409409,0.011621587338375799,-0.001095889934480408,0.024156577754557963,0.8895119672501827
valid,head,f=0.25,all,all,2000,replica,0.003975000018253922,-0.0002708482015877962,0.008307182553457096,0.004208165436983108,-0.00023316541872918606,-0.006331673132488504,0.005865792108699674,1.827201433479786e-05,0.003956728003919124,-0.000160028370656073,0.008152892761025574,-0.00023316541872918606,-0.006331673132488504,0.005865792108699674,0.9053586696361501
valid,head,f=0.5,all,all,2000,replica,0.004389570824801922,-0.000645016522053629,0.009647864911984652,0.005695007024332881,-0.0013054361995309591,-0.008601837903028353,0.006238823168957597,0.0050757936462759974,-0.0006862228214740753,-0.005831807540357113,0.004325331473629921,-0.0013054361995309591,-0.008601837903028353,0.006238823168957597,0.9053586696361501
valid,head,f=0.75,all,all,2000,replica,0.08034171677846462,0.06968830701254773,0.09118985929365735,0.04592253650352359,0.03441918027494103,0.019987043695081957,0.04932409866150699,0.035377793398685756,0.044963923379778864,0.035025180330930744,0.05517657370549859,0.03441918027494103,0.019987043695081957,0.04932409866150699,0.9053586696361501
valid,head_v2,AUC,all,all,2000,replica,0.04002801499143243,0.0350360113452926,0.04510195783151236,0.01860856965494653,0.0214194453364859,0.014989281405442548,0.028150091685381868,0.013490619686432182,0.026537395305000246,0.021652494877588465,0.03158107150161716,0.0214194453364859,0.014989281405442548,0.028150091685381868,0.9053586696361501
valid,head_v2,AUC,twins,0,311,replica,0.04097351325637913,0.03025665420086581,0.05190595514320698,0.019636235812764778,0.021337277443614355,0.0065069515407305024,0.03625217106074517,0.010506435424201231,0.030467077832177905,0.02084766505904983,0.040588974045381934,0.021337277443614355,0.0065069515407305024,0.03625217106074517,0.9401549510617858
valid,head_v2,AUC,twins,1-9,464,replica,0.04664386698679099,0.03592224633822956,0.05788568389612376,0.015981990417155124,0.03066187656963586,0.016883452765472314,0.04477319616010483,0.01530347962197366,0.031340387364817326,0.020909507255720227,0.04204139961715889,0.03066187656963586,0.016883452765472314,0.04477319616010483,0.8886068857792797
valid,head_v2,AUC,twins,10-99,614,replica,0.03879934569606385,0.029691952523731413,0.048001977941906124,0.02638394260995422,0.012415403086109635,0.00014314156706443724,0.02428426739786792,0.01127457281778871,0.027524772878275146,0.018534745262512566,0.03688320464529926,0.012415403086109635,0.00014314156706443724,0.02428426739786792,0.8945739904431734
valid,head_v2,AUC,twins,100+,611,replica,0.03575730739914356,0.026881837669279342,0.044846248285909954,0.012266588635108572,0.023490718764034992,0.01134564500590161,0.03547693734380898,0.01585979656500775,0.01989751083413581,0.011034482468018159,0.028721665975813528,0.023490718764034992,0.01134564500590161,0.03547693734380898,0.9112064228451566
valid,head_v2,AUC,graph_ok,W perfect,1379,crossenc,-0.004773990807396103,-0.006889050029234405,-0.002739505272773777,0.02293669114261685,-0.027710681950012958,-0.032324726166123016,-0.023361576199400984,-0.006107485284256651,0.0013334944768605493,-0.0012730642169865253,0.004077028437227852,0.0013334944768605493,-0.0012730642169865253,0.004077028437227852,1.0
valid,head_v2,AUC,graph_ok,W not perfect,621,crossenc,0.1395158829408439,0.1270097225229718,0.15186927220094257,0.008997491504387134,0.13051839143645677,0.1150417623274209,0.1463402336311861,0.0570104051205383,0.08250547782030562,0.06889500759047831,0.09634350122781685,0.08250547782030562,0.06889500759047831,0.09634350122781685,0.6951970036590989
valid,head_v2,AUC,rooms,≤5,143,replica,0.11208792082913271,0.08691220843539267,0.13719616543326857,0.020736069142783718,0.09135185168634899,0.060610831293303497,0.12182915046206506,0.04528033827585635,0.06680758255327637,0.043979473626251944,0.08871987176492446,0.09135185168634899,0.060610831293303497,0.12182915046206506,0.7784017886367295
valid,head_v2,AUC,rooms,6-7,1349,replica,0.03086862887580556,0.025321809018526913,0.03650661207597923,0.017703721452571593,0.013164907423233969,0.005341592268426406,0.020765104151036554,0.011367811382089333,0.019500817493716224,0.014005762850071782,0.024999043378819717,0.013164907423233969,0.005341592268426406,0.020765104151036554,0.9247841394619386
valid,head_v2,AUC,rooms,≥8,508,replica,0.044066293210309394,0.03393036510374915,0.05432034673763858,0.020412522013692716,0.02365377119661668,0.01037808036339393,0.036904987972901926,0.010179081584603141,0.03388721162570626,0.02330557347019875,0.04452795706349583,0.02365377119661668,0.01037808036339393,0.036904987972901926,0.8895119672501827
valid,head_v2,f=0.25,all,all,2000,replica,0.005446527771651745,0.00144212800944224,0.00957344988780096,0.004208165436983108,0.0012383623346686363,-0.004925012410245836,0.007436218710336832,1.827201433479786e-05,0.005428255757316947,0.0005287970869801939,0.010503176771337165,0.0012383623346686363,-0.004925012410245836,0.007436218710336832,0.9053586696361501
valid,head_v2,f=0.5,all,all,2000,replica,0.006494375763460993,0.001184553570393473,0.01164393530762754,0.005695007024332881,0.0007993687391281128,-0.006369411634141579,0.008102965794736516,0.0050757936462759974,0.0014185821171849966,-0.0043723074674606325,0.006921542647620662,0.0007993687391281128,-0.006369411634141579,0.008102965794736516,0.9053586696361501
valid,head_v2,f=0.75,all,all,2000,replica,0.10814314143918455,0.09617953827405581,0.12042018046379088,0.04592253650352359,0.06222060493566096,0.04660296828818974,0.07825562561070547,0.035377793398685756,0.07276534804049879,0.0617990430493257,0.08393094035692046,0.06222060493566096,0.04660296828818974,0.07825562561070547,0.9053586696361501
test,frozen,AUC,all,all,2000,replica,0.012813148193527014,0.008745814269963497,0.016818839193853394,0.016845749534511314,-0.004032601340984304,-0.009907305493492946,0.001905600627822177,0.015608575058790545,-0.0027954268652635316,-0.007011104724009055,0.0014431716528915178,-0.004032601340984304,-0.009907305493492946,0.001905600627822177,0.9031757495438991
test,frozen,AUC,twins,0,313,replica,0.014822007704395266,0.007212115861440754,0.023021560080703524,0.02051873812382531,-0.0056967304194300425,-0.016887772481797285,0.005687261002680782,0.016856657521634566,-0.0020346498172392996,-0.010588725263186403,0.006914232149710271,-0.0056967304194300425,-0.016887772481797285,0.005687261002680782,0.9412875299315198
test,frozen,AUC,twins,1-9,517,replica,0.013965588945686471,0.00513480413848622,0.022423944839286575,0.014995482110140367,-0.0010298931644538907,-0.012959028852276077,0.010570463989164764,0.014923130337996762,-0.0009575413923102902,-0.010646666710725537,0.008516594851035252,-0.0010298931644538907,-0.012959028852276077,0.010570463989164764,0.8885062440285888
test,frozen,AUC,twins,10-99,603,replica,0.01444489942918155,0.006613189303802687,0.021947185660896724,0.012659928862843608,0.0017849705663379428,-0.0095777938356587,0.012993397725390285,0.01817338997287075,-0.0037284905436892027,-0.011731609821292809,0.004306769854005068,0.0017849705663379428,-0.0095777938356587,0.012993397725390285,0.8873204857521809
test,frozen,AUC,twins,100+,567,replica,0.008918031983883466,0.0014055124438011341,0.016691734813518388,0.02095684776195423,-0.012038815778070762,-0.023187047373221473,-0.0006872790969217399,0.012816937874645641,-0.003898905890762175,-0.01103661134511918,0.003389435951329155,-0.012038815778070762,-0.023187047373221473,-0.0006872790969217399,0.9123748168393069
test,frozen,AUC,graph_ok,W perfect,1361,crossenc,-0.011960159978999713,-0.014817536088993609,-0.009286472340486898,0.02306389514363238,-0.03502405512263209,-0.03973945692430669,-0.03049196289767181,-0.005767817765715189,-0.006192342213284523,-0.009445668993088477,-0.003126683803386997,-0.006192342213284523,-0.009445668993088477,-0.003126683803386997,1.0
test,frozen,AUC,graph_ok,W not perfect,639,crossenc,0.06557758078008237,0.0555440111776977,0.07559447278101997,0.003601780561093837,0.06197580021898853,0.0475616247100604,0.0762198456051241,0.061137950073113394,0.0044396307069689694,-0.0072000328777017866,0.015976473319149403,0.0044396307069689694,-0.0072000328777017866,0.015976473319149403,0.6969507027978061
test,frozen,AUC,rooms,≤5,154,replica,0.06171066092238539,0.045489451961059656,0.0788421408133682,0.03418386263724465,0.027526798285140753,0.0019546137723539477,0.05299440437214231,0.03485113745394014,0.02685952346844526,0.009720803816395599,0.0439777056554038,0.027526798285140753,0.0019546137723539477,0.05299440437214231,0.76745056401277
test,frozen,AUC,rooms,6-7,1358,replica,0.010061942817251004,0.005229941863387412,0.014935667041122683,0.015153601845185953,-0.005091659027934951,-0.012119081953766073,0.001939410001892646,0.013845283577193963,-0.003783340759942959,-0.008785335285494002,0.0012742729917457553,-0.005091659027934951,-0.012119081953766073,0.001939410001892646,0.9226610747076366
test,frozen,AUC,rooms,≥8,488,replica,0.005038393973729121,-0.003327525252221239,0.013227661341747469,0.01608318220722219,-0.011044788233493072,-0.02282261151015373,0.0008893185701186837,0.014442991499682187,-0.009404597525953065,-0.018637087315946304,-0.0005375345469588618,-0.011044788233493072,-0.02282261151015373,0.0008893185701186837,0.8917835507722561
test,frozen,f=0.25,all,all,2000,replica,-0.001283181570470333,-0.005457722280547023,0.0028333321921061696,0.0022052759751677513,-0.0034884575456380846,-0.00996267954176292,0.0028812524592038238,0.0004149114489555359,-0.001698093019425869,-0.006590982079086825,0.002932414157129822,-0.0034884575456380846,-0.00996267954176292,0.0028812524592038238,0.9031757495438991
test,frozen,f=0.5,all,all,2000,replica,0.0016119514871388674,-0.0031880117000080647,0.006328072238061562,0.006635317487642169,-0.005023366000503302,-0.01243468246664852,0.002252079507708548,0.00223080063611269,-0.0006188491489738226,-0.005731840217253193,0.004367857175506651,-0.005023366000503302,-0.01243468246664852,0.002252079507708548,0.9031757495438991
test,frozen,f=0.75,all,all,2000,replica,0.038110674663912505,0.028516268781211693,0.0479216132642934,0.041696655140724036,-0.003585980476811528,-0.017416595016373323,0.009923193334101233,0.044180013091303406,-0.0060693384273909036,-0.016061972033814525,0.004004300320602483,-0.003585980476811528,-0.017416595016373323,0.009923193334101233,0.9031757495438991
test,head,AUC,all,all,2000,replica,0.03079623766041671,0.02633902045134067,0.035268218382191845,0.016845749534511314,0.013950488125905394,0.007690149857033975,0.020187231269552526,0.015608575058790545,0.015187662601626165,0.010624783999744489,0.019713653632373703,0.013950488125905394,0.007690149857033975,0.020187231269552526,0.9031757495438991
test,head,AUC,twins,0,313,replica,0.03646248593009985,0.026844158334408598,0.046492625587209215,0.02051873812382531,0.015943747806274538,0.0028770232961698615,0.029310610157802605,0.016856657521634566,0.01960582840846528,0.011385593195897116,0.028271606404639788,0.015943747806274538,0.0028770232961698615,0.029310610157802605,0.9412875299315198
test,head,AUC,twins,1-9,517,replica,0.030553378113128152,0.021282357204619008,0.04013324095933625,0.014995482110140367,0.015557896002987785,0.003274329272678287,0.027993240732631177,0.014923130337996762,0.01563024777513139,0.005857917585612535,0.025590690880050716,0.015557896002987785,0.003274329272678287,0.027993240732631177,0.8885062440285888
test,head,AUC,twins,10-99,603,replica,0.03409088059545238,0.02531653818613378,0.042821522503450296,0.012659928862843608,0.02143095173260878,0.009281795995331573,0.033759855737831426,0.01817338997287075,0.01591749062258163,0.006888129387780377,0.0249970995510103,0.02143095173260878,0.009281795995331573,0.033759855737831426,0.8873204857521809
test,head,AUC,twins,100+,567,replica,0.02438592546943056,0.0161983049680659,0.032464025929575126,0.02095684776195423,0.0034290777074763314,-0.007849290414887428,0.01464743533940698,0.012816937874645641,0.011568987594784915,0.004004195717909098,0.01896298516036363,0.0034290777074763314,-0.007849290414887428,0.01464743533940698,0.9123748168393069
test,head,AUC,graph_ok,W perfect,1361,crossenc,-0.007796554815935614,-0.010164095020866439,-0.0056320924084691205,0.02306389514363238,-0.030860449959567996,-0.03516402201999153,-0.02660485954314038,-0.005767817765715189,-0.002028737050220425,-0.004816719744388244,0.0006571964850955339,-0.002028737050220425,-0.004816719744388244,0.0006571964850955339,1.0
test,head,AUC,graph_ok,W not perfect,639,crossenc,0.11299465794260061,0.10215001906903268,0.12400866110877648,0.003601780561093837,0.10939287738150678,0.09466966784171259,0.12391768242904148,0.061137950073113394,0.05185670786948721,0.03959610282123306,0.06426828805880448,0.05185670786948721,0.03959610282123306,0.06426828805880448,0.6969507027978061
test,head,AUC,rooms,≤5,154,replica,0.10127393729194546,0.08102187164756773,0.12204164539305572,0.03418386263724465,0.06709007465470082,0.03745666207590451,0.09581467438155576,0.03485113745394014,0.06642279983800534,0.04692353594910103,0.08671496398207724,0.06709007465470082,0.03745666207590451,0.09581467438155576,0.76745056401277
test,head,AUC,rooms,6-7,1358,replica,0.023605378224182034,0.01856376138057653,0.028657608356022317,0.015153601845185953,0.00845177637899608,0.0013258356253239773,0.015555711208763135,0.013845283577193963,0.009760094646988076,0.004695091798874581,0.014900435752929844,0.00845177637899608,0.0013258356253239773,0.015555711208763135,0.9226610747076366
test,head,AUC,rooms,≥8,488,replica,0.028565953584906996,0.018898228361097013,0.03870284300217343,0.01608318220722219,0.012482771377684804,-0.0005023112597867668,0.025854407381609868,0.014442991499682187,0.014122962085224811,0.004762967280780162,0.0237899499904947,0.012482771377684804,-0.0005023112597867668,0.025854407381609868,0.8917835507722561
test,head,f=0.25,all,all,2000,replica,0.0005303104892373085,-0.003757403964968398,0.004923259870987384,0.0022052759751677513,-0.0016749654859304428,-0.008320700990455225,0.004808056702604516,0.0004149114489555359,0.00011539904028177261,-0.005057191018667072,0.005261543066613376,-0.0016749654859304428,-0.008320700990455225,0.004808056702604516,0.9031757495438991
test,head,f=0.5,all,all,2000,replica,0.004442857168614864,-0.0004466071295551954,0.009337648813147095,0.006635317487642169,-0.002192460319027305,-0.009720868052588774,0.005192946370504796,0.00223080063611269,0.0022120565325021743,-0.002976042523048818,0.007520505081117152,-0.002192460319027305,-0.009720868052588774,0.005192946370504796,0.9031757495438991
test,head,f=0.75,all,all,2000,replica,0.08741554532339796,0.07648299538417487,0.09839391889973777,0.041696655140724036,0.04571889018267393,0.030533426772011443,0.060696505791659,0.044180013091303406,0.04323553223209456,0.032983341583586304,0.05349660800320562,0.04571889018267393,0.030533426772011443,0.060696505791659,0.9031757495438991
test,head_v2,AUC,all,all,2000,replica,0.038609383339062324,0.033591119287155254,0.04358709482975149,0.016845749534511314,0.021763633804551014,0.01492219939986632,0.028603395702523023,0.015608575058790545,0.023000808280271783,0.01833974948847899,0.027715151591249737,0.021763633804551014,0.01492219939986632,0.028603395702523023,0.9031757495438991
test,head_v2,AUC,twins,0,313,replica,0.037863811212209976,0.02761366963237762,0.048644241788082375,0.02051873812382531,0.017345073088384663,0.003606355238876471,0.03141964912122952,0.016856657521634566,0.02100715369057541,0.011829564679181948,0.030858586439208243,0.017345073088384663,0.003606355238876471,0.03141964912122952,0.9412875299315198
test,head_v2,AUC,twins,1-9,517,replica,0.04426244892742002,0.034283701179166,0.05423317275479612,0.014995482110140367,0.029266966817279652,0.015468079100337734,0.0431535569368186,0.014923130337996762,0.029339318589423253,0.019750200968498735,0.03903500475553851,0.029266966817279652,0.015468079100337734,0.0431535569368186,0.8885062440285888
test,head_v2,AUC,twins,10-99,603,replica,0.041900123256393036,0.03208834159515145,0.05182408906152341,0.012659928862843608,0.02924019439354943,0.016150668417986517,0.04268837358420039,0.01817338997287075,0.02372673328352228,0.014641460259107798,0.03275617118151328,0.02924019439354943,0.016150668417986517,0.04268837358420039,0.8873204857521809
test,head_v2,AUC,twins,100+,567,replica,0.03036672548434179,0.021011264926780217,0.039564475341484294,0.02095684776195423,0.009409877722387558,-0.0030720589809346333,0.021706080615032094,0.012816937874645641,0.017549787609696138,0.009139850747162176,0.025892123962294795,0.009409877722387558,-0.0030720589809346333,0.021706080615032094,0.9123748168393069
test,head_v2,AUC,graph_ok,W perfect,1361,crossenc,-0.006429096245456203,-0.008857865931209383,-0.004204424841093602,0.02306389514363238,-0.029492991389088584,-0.033899665370532434,-0.025212144846620804,-0.005767817765715189,-0.0006612784797410131,-0.0034655890293180318,0.0020124091586805628,-0.0006612784797410131,-0.0034655890293180318,0.0020124091586805628,1.0
test,head_v2,AUC,graph_ok,W not perfect,639,crossenc,0.13453641106133107,0.12236736033515773,0.14655187384291743,0.003601780561093837,0.13093463050023724,0.11442331541027197,0.14725954668678,0.061137950073113394,0.07339846098821767,0.060609763978818204,0.08589309534400721,0.07339846098821767,0.060609763978818204,0.08589309534400721,0.6969507027978061
test,head_v2,AUC,rooms,≤5,154,replica,0.1374742889401878,0.11580051419313075,0.1596425050596436,0.03418386263724465,0.10329042630294315,0.0718946051765717,0.13413532736219336,0.03485113745394014,0.10262315148624765,0.08156115570951261,0.12474229698007906,0.10329042630294315,0.0718946051765717,0.13413532736219336,0.76745056401277
test,head_v2,AUC,rooms,6-7,1358,replica,0.028376846926064615,0.022951752108515584,0.034010827001605994,0.015153601845185953,0.01322324508087866,0.0055326370160275066,0.02110775544956897,0.013845283577193963,0.01453156334887065,0.009411876781790566,0.019606322566608297,0.01322324508087866,0.0055326370160275066,0.02110775544956897,0.9226610747076366
test,head_v2,AUC,rooms,≥8,488,replica,0.03588518044209015,0.025355541981824114,0.0464178287990638,0.01608318220722219,0.01980199823486797,0.005741649033162043,0.03413275259870099,0.014442991499682187,0.021442188942407975,0.011769185445711648,0.031190807656308647,0.01980199823486797,0.005741649033162043,0.03413275259870099,0.8917835507722561
test,head_v2,f=0.25,all,all,2000,replica,0.0003377289418131113,-0.004279325330723077,0.004899088039854541,0.0022052759751677513,-0.00186754703335464,-0.008873774114204572,0.005048402544995769,0.0004149114489555359,-7.718250714242458e-05,-0.004519568375917151,0.004244776804000137,-0.00186754703335464,-0.008873774114204572,0.005048402544995769,0.9031757495438991
test,head_v2,f=0.5,all,all,2000,replica,0.0029742063488811255,-0.001903611077927053,0.007966865030536428,0.006635317487642169,-0.0036611111387610433,-0.01146113096959889,0.004114697332214561,0.00223080063611269,0.0007434057127684355,-0.0038530059489421545,0.005398801093874497,-0.0036611111387610433,-0.01146113096959889,0.004114697332214561,0.9031757495438991
test,head_v2,f=0.75,all,all,2000,replica,0.11251621472649276,0.09997573952727253,0.12492582340172959,0.041696655140724036,0.07081955958576873,0.054140786779287735,0.08709397624862612,0.044180013091303406,0.06833620163518936,0.05696653013847536,0.07972088209672365,0.07081955958576873,0.054140786779287735,0.08709397624862612,0.9031757495438991
