split,vision,encoder,cfg,graph_auc_mean,gain,ci_lo,ci_hi,gain_s42,gain_s100042,gain_s200042,gain_s300042,weight_s42,weight_s100042,weight_s200042,weight_s300042
valid,frozen,gcn,ref,0.16326427856910353,0.11461991654293767,0.11057189680340138,0.11870289254160114,0.11203731773141772,0.11542165901372209,0.11098868097302814,0.12003200845358274,0.8,0.8,0.8,0.8
valid,frozen,gcn,t01,0.25871242306622055,0.15029660876153503,0.1461025324470752,0.15457959185997702,0.1451479424533124,0.15211687103472651,0.14860851764741043,0.1553131039106908,0.8,0.8,0.8,0.8
valid,frozen,gcn,t02,0.19680448380652038,0.13037408931460231,0.1262089886849843,0.13465848848412182,0.12475218257913366,0.1311746588658231,0.12868523101011914,0.13688428480333337,0.8,0.8,0.8,0.8
valid,frozen,gcn,t05,0.13343917882597695,0.10227221704499484,0.09828318115239673,0.1062410341416864,0.09990809817845002,0.10396528803526113,0.09856796330135938,0.10664751866490892,0.8,0.8,0.8,0.8
valid,frozen,gcn,noskip,0.15859436563708973,0.11390910706548797,0.10984687558110065,0.11804099902704669,0.10744432431273163,0.11476315294470019,0.11365957689502589,0.11976937410949418,0.8,0.8,0.8,0.8
valid,frozen,gcn,nosym,0.2739428437643219,0.1487043326748535,0.1433168534631385,0.1541675745767124,0.14681253122724594,0.14948237825386848,0.14852528360501555,0.1499971376132841,0.6,0.6,0.8,0.6
valid,frozen,gcn,lost,0.19382778960163705,0.1315803808394121,0.12746951999341546,0.13578594702984556,0.12922402543993666,0.13244446999020876,0.130490390270638,0.13416263765686504,0.8,0.8,0.8,0.8
valid,frozen,gcn,l3,0.2084231283879684,0.1367909970805437,0.13251105655712017,0.14106812949707284,0.12944919081761813,0.1384637801166003,0.1365949767663454,0.142656040621611,0.8,0.8,0.8,0.8
valid,frozen,gcn,h256,0.1952481937103827,0.12892556634048621,0.12478679967696275,0.13311572336335956,0.12771170996750394,0.12938897202086327,0.1278235551559677,0.13077802821760998,0.8,0.8,0.8,0.8
valid,frozen,gcn,pmm,0.2162644150350243,0.13386067453065575,0.1296596256631543,0.13802266382376643,0.13132178957822424,0.13516644603836658,0.13273005420140302,0.1362244083046292,0.8,0.8,0.8,0.8
valid,frozen,gcn,comb,0.5635772630385666,0.14004089593316893,0.13373172759422158,0.14630791390597686,0.14531829552724956,0.13870398033581055,0.13786716635649404,0.13827414151312165,0.6,0.6,0.6,0.6
valid,frozen,graph_sage,ref,0.5428503744560295,0.13769051742456695,0.1318771761115359,0.1434717895150844,0.13949165174722047,0.13698367899532118,0.1401549100770305,0.13413182887869576,0.6,0.6,0.6,0.6
valid,frozen,graph_sage,t01,0.7165646177531065,0.0703104500248252,0.06542088070077881,0.07522157085012392,0.06964749232648562,0.0751628503901884,0.06543042474115887,0.07100103264146794,0.6,0.6,0.6,0.6
valid,frozen,graph_sage,t02,0.6090867410772869,0.11090539442324855,0.10555112650869122,0.11631783107098308,0.11780545901088044,0.10957654691534117,0.10901355359330774,0.10722601817346489,0.6,0.6,0.6,0.6
valid,frozen,graph_sage,t05,0.4418787658545965,0.18278249251892945,0.176282726212978,0.1892334843449401,0.1859141417959084,0.18104930455485982,0.17161129719251766,0.19255522653243196,0.6,0.6,0.6,0.6
valid,frozen,graph_sage,noskip,0.5220659317699416,0.14473608284955844,0.13898485983233938,0.15061644854846817,0.13709568841274208,0.14836996295365193,0.1474093231454802,0.14606935688635958,0.6,0.6,0.6,0.6
valid,frozen,graph_sage,nosym,0.6343848468946138,0.09127621691006547,0.08675421484000594,0.09593559120619322,0.0945876586982049,0.0936463469414351,0.08961210578059157,0.08725875622003028,0.4,0.4,0.4,0.4
valid,frozen,graph_sage,lost,0.53915126345555,0.13911783727557242,0.13313857068678578,0.14510151114329733,0.14576421628131842,0.1373622792901782,0.13260194840763387,0.1407429051231593,0.6,0.6,0.6,0.6
valid,frozen,graph_sage,l3,0.6509624051830033,0.08449861417373176,0.08017664943154475,0.08891983839538299,0.08399236687008911,0.08541100368493547,0.08314903032624472,0.08544205581365774,0.4,0.4,0.4,0.4
valid,frozen,graph_sage,h256,0.582783298755996,0.12107922780921217,0.11537181653331596,0.126866480011882,0.12869335634013018,0.11888854709096873,0.11820350255072117,0.1185315052550286,0.6,0.6,0.6,0.6
valid,frozen,graph_sage,pmm,0.5919477887804776,0.11030636119683428,0.10449160582206969,0.11604090207385985,0.11681067438609898,0.11058518606005237,0.10876599756907672,0.10506358677210906,0.6,0.6,0.6,0.6
valid,frozen,graph_sage,amax,0.5281952527866621,0.14257456486753653,0.13663665913184914,0.1484276977101118,0.14620550746082636,0.141040122289521,0.14137582280673086,0.1416768069130679,0.6,0.6,0.6,0.6
valid,frozen,graph_sage,aadd,0.5259448996980984,0.14629867558379192,0.14042502267697518,0.1521837001324059,0.14557716818836827,0.1466836804090999,0.14050263315904885,0.15243122057865063,0.6,0.6,0.6,0.6
valid,frozen,graph_sage,comb,0.8974170435207198,0.015801355643159088,0.0131081142553982,0.018626277502734833,0.01655300002079457,0.01304373153609534,0.014689696998335422,0.018918994017411022,0.4,0.4,0.4,0.4
valid,frozen,gat,ref,0.5158894214351895,0.1479169235463487,0.14152958317342465,0.15423861013551263,0.15301740628418825,0.1303779564006254,0.15827329412754626,0.14999903737303488,0.6,0.6,0.6,0.6
valid,frozen,gat,t01,0.7449661745523724,0.058783380422081484,0.0553900053203397,0.06219883481381403,0.05696088457666337,0.05750207886022205,0.059885918161210916,0.06078464009022961,0.4,0.4,0.4,0.4
valid,frozen,gat,t02,0.6127456460175259,0.10878873732503658,0.10309361847882005,0.11462220028398151,0.11779356326224905,0.10464905879848325,0.09957365295089161,0.11313867428852245,0.6,0.6,0.6,0.6
valid,frozen,gat,t05,0.38385743139940315,0.2033023478028287,0.1981075709646917,0.20861751174760867,0.20558934029424564,0.20605531496958188,0.20001003856693086,0.20155469738055642,0.6,0.6,0.6,0.6
valid,frozen,gat,noskip,0.5101660672431269,0.1505871067662956,0.14421991624946823,0.1570543716225967,0.15732035981382556,0.14744701180544995,0.14111003081640228,0.1564710246295047,0.6,0.6,0.6,0.6
valid,frozen,gat,nosym,0.6120954523539404,0.09666621811323178,0.09176202016779375,0.1016532305219589,0.09570077573337281,0.09837896054207036,0.09476800003508105,0.0978171361424029,0.4,0.4,0.4,0.4
valid,frozen,gat,lost,0.4808492240038079,0.1657980555019652,0.1590994275862584,0.17255922415078673,0.17155534072577333,0.16003444436347736,0.1694914086697002,0.16211102824890986,0.6,0.6,0.6,0.6
valid,frozen,gat,l3,0.586979562673485,0.1067465531184183,0.10165410927859193,0.11197049339860385,0.11131106289351979,0.10548879044254621,0.10063418561608219,0.10955217352152491,0.4,0.4,0.4,0.4
valid,frozen,gat,h256,0.576878996342925,0.11410338950917745,0.10774811851610236,0.120360996224413,0.11715559521814188,0.10978873663737128,0.11243312772052982,0.11703609846066683,0.6,0.6,0.6,0.6
valid,frozen,gat,pmm,0.5456826800580215,0.12387689378112554,0.11736518166939301,0.1303802949503219,0.13248857457904767,0.12942495090560988,0.11658937301471209,0.11700467662513256,0.6,0.6,0.6,0.6
valid,frozen,gat,hd1,0.551694152024109,0.1356190392480154,0.1298309352614461,0.14143044927222945,0.1412975503387861,0.13254872426157818,0.134930472908852,0.13369940948284545,0.6,0.6,0.6,0.6
valid,frozen,gat,hd8,0.5207459236904203,0.14144005080848002,0.1348970210975337,0.14803084168631464,0.1469725975370966,0.13898119515165064,0.13901828420255333,0.14078812634261945,0.6,0.6,0.6,0.6
valid,frozen,gat,comb,0.9070349283790371,0.013769382641922371,0.011212552160421425,0.016409014300999114,0.015508610450662673,0.013680281012474248,0.010044070969646175,0.01584456813490639,0.4,0.4,0.4,0.4
valid,head,gcn,ref,0.16326427856910353,0.09688556131561442,0.09317455882179201,0.10063621287767893,0.09798843647291264,0.09891910300419356,0.09295226900046691,0.09768243678488459,0.8,0.8,0.8,0.8
valid,head,gcn,t01,0.25871242306622055,0.1257100025478673,0.12038846936891787,0.13091494395079695,0.12545696025931588,0.1243119251417617,0.12398006565403193,0.12909105913635965,0.6,0.6,0.6,0.6
valid,head,gcn,t02,0.19680448380652038,0.10737057579727843,0.10354522117212472,0.1111363828021121,0.10538921389123425,0.10901002044805015,0.10618641131976621,0.10889665753006315,0.8,0.8,0.8,0.8
valid,head,gcn,t05,0.13343917882597695,0.08626752579425617,0.08254911927517096,0.09001371702969868,0.08586137488065287,0.09023793337695922,0.08228464129287749,0.08668615362653509,0.8,0.8,0.8,0.8
valid,head,gcn,noskip,0.15859436563708973,0.09550210751239986,0.09177420067003791,0.09923660383738266,0.09162959073095894,0.09969672329630702,0.09386645793061082,0.09681565809172268,0.8,0.8,0.8,0.8
valid,head,gcn,nosym,0.2739428437643219,0.13923045520434002,0.13375521486146508,0.14471244023261243,0.1414206095660726,0.1369495643968694,0.13673548238165675,0.14181616447276127,0.6,0.6,0.6,0.6
valid,head,gcn,lost,0.19382778960163705,0.10834667293420838,0.10439579989603079,0.1122399296897027,0.10968328348128126,0.10960697798399877,0.10431112095775702,0.10978530931379646,0.8,0.8,0.8,0.8
valid,head,gcn,l3,0.2084231283879684,0.1125776359641847,0.10870113562478025,0.11650418319588837,0.11067142103938386,0.11521272987049695,0.10942641537636519,0.11499997757049277,0.8,0.8,0.8,0.8
valid,head,gcn,h256,0.1952481937103827,0.10638379616053621,0.10262174231557972,0.11017238400591306,0.1055418731480216,0.10892599773484593,0.10612703005954004,0.10494028369973724,0.8,0.8,0.8,0.8
valid,head,gcn,pmm,0.2162644150350243,0.10819223129574675,0.10443476030692787,0.1119399236903128,0.10984295034750054,0.11090715055027976,0.10567880372237413,0.10634002056283255,0.8,0.8,0.8,0.8
valid,head,gcn,comb,0.5635772630385666,0.23310927625830907,0.22624090462966712,0.24018693948740064,0.2420636738012545,0.2261697998306093,0.233294330033008,0.23090930136836443,0.6,0.6,0.6,0.6
valid,head,graph_sage,ref,0.5428503744560295,0.23278242753023126,0.22717430807018052,0.2384853005410172,0.23741484977491203,0.2324485477101989,0.23217107276711613,0.22909523986869806,0.6,0.6,0.6,0.6
valid,head,graph_sage,t01,0.7165646177531065,0.14408527071774005,0.13977699324254836,0.1483655043091809,0.14443371112908548,0.14889213779180618,0.1414923494788818,0.14152288447118672,0.4,0.4,0.4,0.4
valid,head,graph_sage,t02,0.6090867410772869,0.1959412235201259,0.18979440202198167,0.2021265748563814,0.20311849461635575,0.19064196422944468,0.2027152324579656,0.18728920277673752,0.6,0.6,0.6,0.6
valid,head,graph_sage,t05,0.4418787658545965,0.19384775004101296,0.18843848492595233,0.1992670102963098,0.1974698619184395,0.19387708549713717,0.19180004866591963,0.1922440040825556,0.6,0.6,0.6,0.6
valid,head,graph_sage,noskip,0.5220659317699416,0.2297683366178923,0.22403960543862003,0.2354837373912839,0.23625167270051314,0.22732624571428942,0.22224252310985076,0.2332529049469158,0.6,0.6,0.6,0.6
valid,head,graph_sage,nosym,0.6343848468946138,0.17156392040728438,0.16614657060898028,0.17710181465724018,0.17817669379866372,0.17197843272021662,0.16688996807128811,0.169210587038969,0.4,0.4,0.4,0.4
valid,head,graph_sage,lost,0.53915126345555,0.22858101997194655,0.22315654855713754,0.23412162905380535,0.23020671499458453,0.225753960844595,0.22686462196971602,0.23149878207889077,0.6,0.6,0.6,0.6
valid,head,graph_sage,l3,0.6509624051830033,0.1596398247544033,0.15451273185792863,0.16485705827126124,0.16010876018352183,0.1620909506528017,0.1586250836059141,0.15773450457537547,0.4,0.4,0.4,0.4
valid,head,graph_sage,h256,0.582783298755996,0.20635598996048793,0.19986835316999738,0.21297329532573833,0.21547338713705538,0.2003225221466273,0.20534499445278198,0.20428305610548705,0.6,0.6,0.6,0.6
valid,head,graph_sage,pmm,0.5919477887804776,0.19220844301472728,0.186022210674146,0.1985094962401975,0.19957701303313177,0.19003596113094437,0.18994393239806717,0.1892768654967658,0.6,0.6,0.4,0.6
valid,head,graph_sage,amax,0.5281952527866621,0.23245147637285601,0.22667728036921472,0.23813598555448504,0.2348544958909042,0.23413646599495164,0.22657185182953254,0.23424309177603572,0.6,0.6,0.6,0.6
valid,head,graph_sage,aadd,0.5259448996980984,0.231726099185956,0.22597372095996204,0.237351573209418,0.23410164287096513,0.23436821160356824,0.2267363274190575,0.23169821485023326,0.6,0.6,0.6,0.6
valid,head,graph_sage,comb,0.8974170435207198,0.030993408177241992,0.027859477453462508,0.03416413520897816,0.03298243651306257,0.029995833325510222,0.028720325761164227,0.03227503710923095,0.4,0.4,0.4,0.4
valid,head,gat,ref,0.5158894214351895,0.22285268503256764,0.21757571033893813,0.22825557039707298,0.22895627619636558,0.22197508179148037,0.21433271444713073,0.22614666769529385,0.6,0.6,0.6,0.6
valid,head,gat,t01,0.7449661745523724,0.12567794520722236,0.12161138238252413,0.129765460750156,0.1240421313586024,0.12304643735258529,0.1306656628238658,0.12495754929383594,0.4,0.4,0.4,0.4
valid,head,gat,t02,0.6127456460175259,0.1934054095558822,0.1877836451745631,0.19900274153052597,0.20819032559807724,0.185099621022741,0.18555692472991842,0.19477476687279222,0.6,0.4,0.4,0.4
valid,head,gat,t05,0.38385743139940315,0.17130115735142804,0.16597420361975287,0.17681854910526018,0.17584589568106457,0.17100649037879584,0.1662922422836224,0.17206000106222927,0.6,0.6,0.6,0.6
valid,head,gat,noskip,0.5101660672431269,0.22214954044126595,0.21632243812542779,0.2280260662423573,0.22727081921774273,0.21586325880326332,0.21965133288657915,0.22581275085747865,0.6,0.6,0.6,0.6
valid,head,gat,nosym,0.6120954523539404,0.18443740424114122,0.17881307795361984,0.19018405590366166,0.1853431375298339,0.1803877299868812,0.18305161764395114,0.18896713180389876,0.4,0.4,0.4,0.4
valid,head,gat,lost,0.4808492240038079,0.20984159958560486,0.20410357681300667,0.2156066531144616,0.20997135051044946,0.20981801572985329,0.20497336475597694,0.21460366734613975,0.6,0.6,0.6,0.6
valid,head,gat,l3,0.586979562673485,0.19284458800836002,0.18694679786790513,0.1988321159593305,0.1969110615742393,0.19171797789772974,0.18697346181826047,0.19577585074321058,0.4,0.4,0.4,0.4
valid,head,gat,h256,0.576878996342925,0.2043981805193859,0.19831741680579237,0.2105607412227187,0.20798147614533083,0.19941956998252622,0.20261338263206807,0.20757829331761846,0.4,0.6,0.4,0.6
valid,head,gat,pmm,0.5456826800580215,0.21160281179728918,0.20643890342581728,0.21700634043794126,0.2192716545589889,0.21549671834567563,0.2031198708342078,0.20852300345028443,0.6,0.6,0.4,0.6
valid,head,gat,hd1,0.551694152024109,0.23284706805079866,0.2263826222531255,0.23933832793109372,0.23566891015538324,0.22959115805383773,0.23757439872731145,0.2285538052666622,0.6,0.6,0.6,0.6
valid,head,gat,hd8,0.5207459236904203,0.22023303464866087,0.2144815181399715,0.2260612875347511,0.21956431701484447,0.2212753617761967,0.21862665492730837,0.221465804876294,0.6,0.6,0.6,0.6
valid,head,gat,comb,0.9070349283790371,0.02735592181200627,0.024453656110512867,0.030393045877248125,0.029517812166362997,0.029452670914741852,0.022856646660094456,0.027596557506825777,0.4,0.4,0.4,0.4
test,frozen,gcn,ref,0.1603441833506416,0.11100377748949299,0.1069983035313761,0.11507960093675355,0.11417843106373525,0.11107066196746503,0.10973310893091064,0.10903290799586102,0.8,0.8,0.8,0.8
test,frozen,gat,t05,0.38512250491891364,0.19835288763263573,0.1930407911790234,0.20372629298815542,0.19776009669185923,0.19340694391417007,0.19711706874209145,0.20512744118242215,0.6,0.6,0.6,0.6
test,frozen,gat,ref,0.5194852943286145,0.14608709334062103,0.13985443600397848,0.15219542567516617,0.15164652285103994,0.13481518939106413,0.15068212641946352,0.14720453470091643,0.6,0.6,0.6,0.6
test,frozen,gat,t01,0.745018880511246,0.0567212862201656,0.053514117226646826,0.05998811276060297,0.054241947620486224,0.053889543624750035,0.06391308946860953,0.054840564166816576,0.4,0.4,0.4,0.4
test,frozen,gat,comb,0.903852772696293,0.012206160658039153,0.009910034352932902,0.014526389637906685,0.012813148193527014,0.011055021609024454,0.01394853476822997,0.01100793806137517,0.4,0.4,0.4,0.4
test,head,gcn,ref,0.1602399661964737,0.09637755270434233,0.09275178132028279,0.10007091271640578,0.09558550775113206,0.0968919542777973,0.09901259236581003,0.09402015642262995,0.8,0.8,0.8,0.8
test,head,gat,t05,0.385251454264042,0.1724581469404511,0.1671351867717138,0.1776632227948537,0.1775043048655304,0.16970848521947238,0.17212740051094444,0.17049239716585726,0.6,0.6,0.6,0.6
test,head,gat,ref,0.519519908534169,0.22230880728387273,0.21694134423889241,0.22762653311253914,0.22286067191526915,0.2202508547621158,0.2181016436535865,0.22802205880451948,0.6,0.6,0.6,0.6
test,head,gat,t01,0.7453074732341726,0.12248856427955132,0.11838784646727822,0.12650777674452207,0.12074107496192059,0.11742225790598118,0.13309429069499792,0.1186966335553055,0.4,0.4,0.4,0.4
test,head,gat,comb,0.9039546192911221,0.027030687978801628,0.024155304495728336,0.029891687981894934,0.030992402282233038,0.026233881702491395,0.02761200246959925,0.023284465460882836,0.4,0.4,0.4,0.4
