split,vision,control,scope,D,ci_lo,ci_hi,g_fusion,g_control,fusion_auc,fusion_weight,control_weight,n_replicas_ci_pos,sd_replicas,noise_verdict,outcome
valid,frozen,replica,media 4 repliche,-0.002566543426170635,-0.00540327322401087,0.0004226907715453597,,,,,,0,0.0026569281188789096,entro il rumore fra training,non concludente
valid,frozen,replica,s42,-0.003099959204283854,-0.008920534711257401,0.002845443692407566,0.015508610450662673,0.01860856965494653,0.9208672800868128,0.4,0.5,,,,
valid,frozen,replica,s100042,-0.003077206660527736,-0.008007312554904882,0.0018836104247602595,0.013508142111978181,0.016585348772505917,0.9188328466826741,0.4,0.5,,,,
valid,frozen,replica,s200042,-0.005213686879569045,-0.009568641868916651,-0.0008900602464797002,0.009898742351060112,0.015112429230629155,0.923068291598931,0.4,0.6,,,,
valid,frozen,replica,s300042,0.0011246790396980937,-0.0035454222166328704,0.0058204707355742945,0.017045993713972467,0.015921314674274375,0.9206321067331981,0.4,0.5,,,,
valid,frozen,crossenc,media 4 repliche,-0.0004707979570763807,-0.003124244842870394,0.0022587251877082327,,,,,,1,0.0046612138122197975,entro il rumore fra training,equivalente all'effetto d'insieme
valid,frozen,crossenc,s42,0.0020179907642304895,-0.00194508905124773,0.0060702455869643,0.015508610450662673,0.013490619686432182,0.9208672800868128,0.4,0.6,,,,
valid,frozen,crossenc,s100042,-0.004949998779067147,-0.00948523580696589,-0.00031296313101581525,0.013508142111978181,0.018458140891045333,0.9188328466826741,0.4,0.5,,,,
valid,frozen,crossenc,s200042,-0.0037734147940451904,-0.00801304221697695,0.0003705490064186323,0.009898742351060112,0.013672157145105302,0.923068291598931,0.4,0.6,,,,
valid,frozen,crossenc,s300042,0.004822230980576326,0.0003759734011643264,0.009367329198350972,0.017045993713972467,0.012223762733396143,0.9206321067331981,0.4,0.6,,,,
valid,head,replica,media 4 repliche,0.011308272051120486,0.008227979767147916,0.014505048334274516,,,,,,4,0.0019932984649799167,sopra il rumore fra training,confermato su 4 repliche
valid,head,replica,s42,0.010960192885560292,0.004803570010412173,0.017303445299873904,0.02956876254050682,0.01860856965494653,0.934927432176657,0.3,0.5,,,,
valid,head,replica,s100042,0.012932975838892162,0.007882034238843092,0.01822913642054191,0.029518324611398084,0.016585348772505917,0.9348430291820939,0.4,0.5,,,,
valid,head,replica,s200042,0.008627411136558898,0.0038550351752783154,0.013387769234455964,0.023739840367188056,0.015112429230629155,0.9369093896150589,0.4,0.6,,,,
valid,head,replica,s300042,0.012712508343470591,0.007715999413623163,0.017758794994842415,0.028633823017744964,0.015921314674274375,0.9322199360369705,0.4,0.5,,,,
valid,head,crossenc,media 4 repliche,0.01340401752021474,0.010642016248583483,0.016236252006112287,,,,,,4,0.0033071600521324194,sopra il rumore fra training,confermato su 4 repliche
valid,head,crossenc,s42,0.016078142854074634,0.01178424206638786,0.020386765814972268,0.02956876254050682,0.013490619686432182,0.934927432176657,0.3,0.6,,,,
valid,head,crossenc,s100042,0.011060183720352751,0.006248189700942021,0.01603209168742566,0.029518324611398084,0.018458140891045333,0.9348430291820939,0.4,0.5,,,,
valid,head,crossenc,s200042,0.010067683222082752,0.005434673234114113,0.014690083399733217,0.023739840367188056,0.013672157145105302,0.9369093896150589,0.4,0.6,,,,
valid,head,crossenc,s300042,0.016410060284348823,0.01147057206905835,0.02140518988975479,0.028633823017744964,0.012223762733396143,0.9322199360369705,0.4,0.6,,,,
valid,head_v2,replica,media 4 repliche,0.021146064537266886,0.018229825286592432,0.02425656921538272,,,,,,4,0.0019763675529694616,sopra il rumore fra training,confermato su 4 repliche
valid,head_v2,replica,s42,0.0214194453364859,0.014989281405442548,0.028150091685381868,0.04002801499143243,0.01860856965494653,0.9461767240700621,0.6,0.5,,,,
valid,head_v2,replica,s100042,0.02161121027435486,0.01674541189338779,0.026523212702968153,0.038196559046860784,0.016585348772505917,0.9436719458669734,0.6,0.5,,,,
valid,head_v2,replica,s200042,0.018415204587547727,0.014325623842224008,0.022574287248740436,0.03352763381817688,0.015112429230629155,0.9457756309021885,0.5,0.6,,,,
valid,head_v2,replica,s300042,0.023138397950679065,0.018631644361784373,0.0277259035817425,0.03905971262495343,0.015921314674274375,0.9441173726008274,0.5,0.5,,,,
valid,head_v2,crossenc,media 4 repliche,0.023241810006361142,0.020473759792017515,0.026041846575335748,,,,,,4,0.003979938520361922,sopra il rumore fra training,confermato su 4 repliche
valid,head_v2,crossenc,s42,0.026537395305000246,0.021652494877588465,0.03158107150161716,0.04002801499143243,0.013490619686432182,0.9461767240700621,0.6,0.6,,,,
valid,head_v2,crossenc,s100042,0.01973841815581545,0.015066266345244366,0.024567167223539816,0.038196559046860784,0.018458140891045333,0.9436719458669734,0.6,0.5,,,,
valid,head_v2,crossenc,s200042,0.019855476673071585,0.01586182174462204,0.023948251826036722,0.03352763381817688,0.013672157145105302,0.9457756309021885,0.5,0.6,,,,
valid,head_v2,crossenc,s300042,0.026835949891557295,0.022401590429556865,0.03133215072562452,0.03905971262495343,0.012223762733396143,0.9441173726008274,0.5,0.6,,,,
test,frozen,replica,media 4 repliche,-0.003829770894682345,-0.006730261625921896,-0.0009785129508954318,,,,,,0,0.0008266081780831721,sopra il rumore fra training,sotto l'effetto d'insieme
test,frozen,replica,s42,-0.004032601340984304,-0.009907305493492946,0.001905600627822177,0.012813148193527014,0.016845749534511314,0.9159888977374261,0.4,0.5,,,,
test,frozen,replica,s100042,-0.004901461858147135,-0.009534519527212251,-2.4617849977224707e-05,0.012253539910695204,0.01715500176884234,0.9156747582439955,0.4,0.5,,,,
test,frozen,replica,s200042,-0.0030376245592099926,-0.008826930667937266,0.0026225973942084224,0.013895048578114558,0.01693267313732455,0.9178361238663396,0.4,0.6,,,,
test,frozen,replica,s300042,-0.0033473958203879485,-0.007499437815338994,0.0008993848488510885,0.01100793806137517,0.01435533388176312,0.9164735581845355,0.4,0.5,,,,
test,frozen,crossenc,media 4 repliche,-0.0019855053189288207,-0.004462006025438313,0.0004771138077107019,,,,,,0,0.0023906501421231507,entro il rumore fra training,equivalente all'effetto d'insieme
test,frozen,crossenc,s42,-0.0027954268652635316,-0.007011104724009055,0.0014431716528915178,0.012813148193527014,0.015608575058790545,0.9159888977374261,0.4,0.6,,,,
test,frozen,crossenc,s100042,-0.00299078733396406,-0.0075059571098303425,0.0015492465647053897,0.012253539910695204,0.015244327244659265,0.9156747582439955,0.4,0.5,,,,
test,frozen,crossenc,s200042,-0.003707692263647914,-0.007675994558593568,0.0002104788122970297,0.013895048578114558,0.017602740841762467,0.9178361238663396,0.4,0.6,,,,
test,frozen,crossenc,s300042,0.0015518851871602246,-0.0024802782697758317,0.005724282062402926,0.01100793806137517,0.009456052874214946,0.9164735581845355,0.4,0.6,,,,
test,head,replica,media 4 repliche,0.011612970781667776,0.008487845324388277,0.014771532597834203,,,,,,4,0.0016251141871593416,sopra il rumore fra training,confermato su 4 repliche
test,head,replica,s42,0.013950488125905394,0.007690149857033975,0.020187231269552526,0.03079623766041671,0.016845749534511314,0.9339719872043158,0.3,0.5,,,,
test,head,replica,s100042,0.010362452434841542,0.005424982635704023,0.01535638154132369,0.027517454203683882,0.01715500176884234,0.930938672536984,0.4,0.5,,,,
test,head,replica,s200042,0.010679329332274693,0.0038765611956322857,0.017519230816148527,0.02761200246959925,0.01693267313732455,0.9315530777578243,0.4,0.6,,,,
test,head,replica,s300042,0.01145961323364948,0.006809268860227894,0.01622792156317349,0.0258149471154126,0.01435533388176312,0.931280567238573,0.4,0.5,,,,
test,head,crossenc,media 4 repliche,0.013457236357421304,0.01073517227116487,0.016227749001446256,,,,,,4,0.002869647961239571,sopra il rumore fra training,confermato su 4 repliche
test,head,crossenc,s42,0.015187662601626165,0.010624783999744489,0.019713653632373703,0.03079623766041671,0.015608575058790545,0.9339719872043158,0.3,0.6,,,,
test,head,crossenc,s100042,0.012273126959024617,0.0075650898514664725,0.017000254440416272,0.027517454203683882,0.015244327244659265,0.930938672536984,0.4,0.5,,,,
test,head,crossenc,s200042,0.010009261627836772,0.005195635676966051,0.014818955979205203,0.02761200246959925,0.017602740841762467,0.9315530777578243,0.4,0.6,,,,
test,head,crossenc,s300042,0.016358894241197654,0.011706098983087576,0.021118519364491408,0.0258149471154126,0.009456052874214946,0.931280567238573,0.4,0.6,,,,
test,head_v2,replica,media 4 repliche,0.020272680199588645,0.01710202711689635,0.023499499989767594,,,,,,4,0.0019176463376259206,sopra il rumore fra training,confermato su 4 repliche
test,head_v2,replica,s42,0.021763633804551014,0.01492219939986632,0.028603395702523023,0.038609383339062324,0.016845749534511314,0.9406622349581061,0.6,0.5,,,,
test,head_v2,replica,s100042,0.01753487156067664,0.012845335649512705,0.022427076725013706,0.034689873329518985,0.01715500176884234,0.9381922933900109,0.6,0.5,,,,
test,head_v2,replica,s200042,0.02141391071739296,0.014888751179930599,0.028008956116232244,0.03834658385471751,0.01693267313732455,0.9416138849123381,0.5,0.6,,,,
test,head_v2,replica,s300042,0.020378304715733975,0.01590294882605473,0.02489696618985229,0.03473363859749709,0.01435533388176312,0.9401992587206575,0.5,0.5,,,,
test,head_v2,crossenc,media 4 repliche,0.022116945775342175,0.01945253011690899,0.024843793521300537,,,,,,4,0.002568569336584042,sopra il rumore fra training,confermato su 4 repliche
test,head_v2,crossenc,s42,0.023000808280271783,0.01833974948847899,0.027715151591249737,0.038609383339062324,0.015608575058790545,0.9406622349581061,0.6,0.6,,,,
test,head_v2,crossenc,s100042,0.019445546084859718,0.014896555390193437,0.02405528283206901,0.034689873329518985,0.015244327244659265,0.9381922933900109,0.6,0.5,,,,
test,head_v2,crossenc,s200042,0.02074384301295504,0.016370951812105097,0.025231679030992864,0.03834658385471751,0.017602740841762467,0.9416138849123381,0.5,0.6,,,,
test,head_v2,crossenc,s300042,0.025277585723282144,0.020901433488315278,0.029787829667570376,0.03473363859749709,0.009456052874214946,0.9401992587206575,0.5,0.6,,,,
