split,pair,weights,delta,ci_lo,ci_hi,verdict
valid,W vs vision_congelato,"1,1,1",0.011488218428901477,0.01039631433615837,0.012554253619306663,REGGE
valid,W vs vision_congelato,"1,0,0",0.006626268446193507,0.005833881073200367,0.007427942745808398,REGGE
valid,W vs vision_congelato,"0,1,0",0.01970337363245116,0.01745810080750398,0.02188646691539882,REGGE
valid,W vs vision_congelato,"0,0,1",0.0075194166663823,0.006218947051911934,0.00884376346689188,REGGE
valid,W vs vision_congelato,"1,1,0",0.013168078271111064,0.011742519165298148,0.014563728906362223,REGGE
valid,W vs vision_congelato,"1,1,2",0.010553836401950562,0.0095499330027931,0.011556855471047076,REGGE
valid,W vs vision_head,"1,1,1",0.02090507655802745,0.019708971441422692,0.022072518434547484,REGGE
valid,W vs vision_head,"1,0,0",0.010110559476247045,0.009277617317852361,0.01093181501843782,REGGE
valid,W vs vision_head,"0,1,0",0.04279198203707467,0.040202556924442544,0.04530124375055358,REGGE
valid,W vs vision_head,"0,0,1",0.008638687176866479,0.007260640840864281,0.010010734693066464,REGGE
valid,W vs vision_head,"1,1,0",0.026457432299633845,0.02489835184823927,0.02799825587935952,REGGE
valid,W vs vision_head,"1,1,2",0.017930823087610456,0.016821783582657148,0.019013597860079483,REGGE
valid,vision_head vs vision_congelato,"1,1,1",-0.009416858129125972,-0.010381469585204493,-0.008425508551561716,INCONCLUSIVO
valid,vision_head vs vision_congelato,"1,0,0",-0.003484291030053539,-0.004188747433944075,-0.002788068239652409,INCONCLUSIVO
valid,vision_head vs vision_congelato,"0,1,0",-0.02308860840462351,-0.025224291869644217,-0.020918352064653856,INCONCLUSIVO
valid,vision_head vs vision_congelato,"0,0,1",-0.00111927051048418,-0.0022870291222053044,7.799779296431417e-05,INCONCLUSIVO
valid,vision_head vs vision_congelato,"1,1,0",-0.013289354028522783,-0.01456845009350203,-0.011988880408980654,INCONCLUSIVO
valid,vision_head vs vision_congelato,"1,1,2",-0.007376986685659895,-0.008267069051999107,-0.006459113622309236,INCONCLUSIVO
test,W vs vision_congelato,"1,1,1",0.012169105202261166,0.01109267784468399,0.01324878218110393,REGGE
test,W vs vision_congelato,"1,0,0",0.007392847049916848,0.006558005608746794,0.008237495181281786,REGGE
test,W vs vision_congelato,"0,1,0",0.02040109326262607,0.018198348687988166,0.02264236097024196,REGGE
test,W vs vision_congelato,"0,0,1",0.008067455254279064,0.006824654355486322,0.009288399632618627,REGGE
test,W vs vision_congelato,"1,1,0",0.013903668850693718,0.01248546863209741,0.01533709969318523,REGGE
test,W vs vision_congelato,"1,1,2",0.011204833266231066,0.010203645075909321,0.012180022594170087,REGGE
test,W vs vision_head,"1,1,1",0.02142394558797744,0.020247722695318954,0.02258139477680063,REGGE
test,W vs vision_head,"1,0,0",0.010104868797742398,0.009262274147034023,0.010956189474075858,REGGE
test,W vs vision_head,"0,1,0",0.043056044848362875,0.04050218239494059,0.04561099248468354,REGGE
test,W vs vision_head,"0,0,1",0.009926572219718653,0.008598288541848752,0.011232278640691257,REGGE
test,W vs vision_head,"1,1,0",0.026593349811165765,0.025031686597664613,0.02813905235526495,REGGE
test,W vs vision_head,"1,1,2",0.018646162467911755,0.017565725701028,0.01971040020587228,REGGE
test,W vs vision_head_v2,"1,1,1",0.01402517431329576,0.01288513371892212,0.01516588727166549,REGGE
test,W vs vision_head_v2,"1,0,0",0.007027802500809022,0.006179240480867123,0.007881670588424948,REGGE
test,W vs vision_head_v2,"0,1,0",0.026873628252955608,0.024468800054695802,0.0293087259769088,REGGE
test,W vs vision_head_v2,"0,0,1",0.007408689570559706,0.006114046885014236,0.008666265823060348,REGGE
test,W vs vision_head_v2,"1,1,0",0.016960416122277756,0.015452589584442346,0.018497212444530148,REGGE
test,W vs vision_head_v2,"1,1,2",0.012435411068279854,0.011402638426558134,0.013472261167042678,REGGE
test,vision_head vs vision_congelato,"1,1,1",-0.009254840385716275,-0.01018398718536378,-0.008299449649460491,REGGE
test,vision_head vs vision_congelato,"1,0,0",-0.002712021747825552,-0.0033959214184409317,-0.0020297619407993244,REGGE
test,vision_head vs vision_congelato,"0,1,0",-0.0226549515857368,-0.02477130006531981,-0.020524389383814363,REGGE
test,vision_head vs vision_congelato,"0,0,1",-0.0018591169654395873,-0.002986119870257029,-0.0007661380094019858,REGGE
test,vision_head vs vision_congelato,"1,1,0",-0.012689680960472046,-0.013929959594199695,-0.011434436780718593,REGGE
test,vision_head vs vision_congelato,"1,1,2",-0.007441329201680684,-0.008314740792612444,-0.006566473658500441,REGGE
test,vision_head_v2 vs vision_congelato,"1,1,1",-0.0018560691110345933,-0.002661582127156148,-0.0010360825808004503,INCONCLUSIVO
test,vision_head_v2 vs vision_congelato,"1,0,0",0.00036504454910782445,-0.00023049667526580737,0.0009502101713647598,INCONCLUSIVO
test,vision_head_v2 vs vision_congelato,"0,1,0",-0.006472534990329539,-0.008286663103042878,-0.004627325483404501,INCONCLUSIVO
test,vision_head_v2 vs vision_congelato,"0,0,1",0.0006587656837193583,-0.00027727353630014657,0.0016148554877114967,INCONCLUSIVO
test,vision_head_v2 vs vision_congelato,"1,1,0",-0.0030567472715840403,-0.004143020845930659,-0.0019566515251658195,INCONCLUSIVO
test,vision_head_v2 vs vision_congelato,"1,1,2",-0.0012305778020487877,-0.0019618380382295953,-0.0004740795564143369,INCONCLUSIVO
