split,weights,system,ndcg10_geometry
valid,"0,0,1",W,0.8975007571517024
valid,"0,0,1",vision_congelato,0.8899813404853201
valid,"0,0,1",vision_head,0.888862069974836
valid,"0,1,0",W,0.9340106870110843
valid,"0,1,0",vision_congelato,0.9143073133786331
valid,"0,1,0",vision_head,0.8912187049740096
valid,"1,0,0",W,0.975645200682162
valid,"1,0,0",vision_congelato,0.9690189322359686
valid,"1,0,0",vision_head,0.9655346412059149
valid,"1,1,0",W,0.9550887830529131
valid,"1,1,0",vision_congelato,0.941920704781802
valid,"1,1,0",vision_head,0.9286313507532792
valid,"1,1,1",W,0.9491851939185683
valid,"1,1,1",vision_congelato,0.9376969754896668
valid,"1,1,1",vision_head,0.9282801173605407
valid,"1,1,2",W,0.9409605551780549
valid,"1,1,2",vision_congelato,0.9304067187761043
valid,"1,1,2",vision_head,0.9230297320904445
test,"0,0,1",W,0.8992710625483751
test,"0,0,1",vision_congelato,0.8912036072940962
test,"0,0,1",vision_head,0.8893444903286566
test,"0,0,1",vision_head_v2,0.8918623729778156
test,"0,1,0",W,0.9331667941270907
test,"0,1,0",vision_congelato,0.9127657008644647
test,"0,1,0",vision_head,0.890110749278728
test,"0,1,0",vision_head_v2,0.9062931658741352
test,"1,0,0",W,0.9750699499798111
test,"1,0,0",vision_congelato,0.9676771029298943
test,"1,0,0",vision_head,0.9649650811820688
test,"1,0,0",vision_head_v2,0.9680421474790022
test,"1,1,0",W,0.9544383327264409
test,"1,1,0",vision_congelato,0.9405346638757472
test,"1,1,0",vision_head,0.9278449829152752
test,"1,1,0",vision_head_v2,0.9374779166041631
test,"1,1,1",W,0.9493448980774415
test,"1,1,1",vision_congelato,0.9371757928751804
test,"1,1,1",vision_head,0.9279209524894642
test,"1,1,1",vision_head_v2,0.9353197237641458
test,"1,1,2",W,0.941624851906417
test,"1,1,2",vision_congelato,0.930420018640186
test,"1,1,2",vision_head,0.9229786894385053
test,"1,1,2",vision_head_v2,0.9291894408381373
