split,scope,fusion_v2_auc,fusion_v2_weight,fusion_head_auc,fusion_head_weight,delta,ci_lo,ci_hi,sd_replicas,noise_verdict
valid,media 4 repliche,,,,,0.010210471607317837,0.008286283991196736,0.012162062349727299,0.0015958955175495375,sopra il rumore fra training
valid,s42,0.9461767240700621,0.6,0.934927432176657,0.3,0.011249291893405218,0.007985660521069075,0.014534469829693744,,
valid,s100042,0.9436719458669734,0.6,0.9348430291820939,0.4,0.00882891668487961,0.005375898515747393,0.01239288159716719,,
valid,s200042,0.9457756309021885,0.5,0.9369093896150589,0.4,0.00886624128712962,0.0053561109485415126,0.01234727166559702,,
valid,s300042,0.9441173726008274,0.5,0.9322199360369705,0.4,0.0118974365638569,0.008501571767862573,0.01531062162330684,,
test,media 4 repliche,,,,,0.008230841810853842,0.006271613300897296,0.010166338861663824,0.0015438373379650623,sopra il rumore fra training
test,s42,0.9406622349581061,0.6,0.9339719872043158,0.3,0.006690247753790269,0.0033276461072654154,0.010060581405670376,,
test,s100042,0.9381922933900109,0.6,0.930938672536984,0.4,0.007253620853026707,0.0035601444965771708,0.01110683624894203,,
test,s200042,0.9416138849123381,0.5,0.9315530777578243,0.4,0.010060807154513894,0.006643765908809534,0.01362274851144369,,
test,s300042,0.9401992587206575,0.5,0.931280567238573,0.4,0.008918691482084492,0.005602040283199554,0.012306582043971864,,
