split,comparison,damage,delta,ci_lo,ci_hi,n_pairs
valid,vision_head_v2 - vision_congelato,nowalls-random,0.2747688506521906,0.2642315986246103,0.28572528290556126,2000
valid,vision_head_v2 - vision_congelato,crop,0.16786163292033598,0.16030906452757776,0.175541117077705,2000
valid,vision_head_v2 - vision_congelato,patch,0.1521297578678156,0.14529584402994566,0.15920456083328852,2000
valid,vision_head_v2 - vision_congelato,media_tre_danni,0.19825341381344738,0.19267654777337254,0.2039862328865682,2000
valid,vision_head_v2 - vision_head,nowalls-random,0.12759777401946487,0.11906784435760154,0.13630655277114903,2000
valid,vision_head_v2 - vision_head,crop,0.3093213624428026,0.3000835341831592,0.31840937054903096,2000
valid,vision_head_v2 - vision_head,patch,0.2576619033579094,0.25007517374618915,0.26532115460078537,2000
valid,vision_head_v2 - vision_head,media_tre_danni,0.2315270132733923,0.22619600516010413,0.23689461820279636,2000
test,vision_head_v2 - vision_congelato,nowalls-random,0.25603536699215573,0.24589658221315283,0.26640807445362447,2000
test,vision_head_v2 - vision_congelato,crop,0.16594948432951545,0.1585536324123115,0.17345176608454982,2000
test,vision_head_v2 - vision_congelato,patch,0.1600404424732551,0.15303285350869414,0.16700611927056455,2000
test,vision_head_v2 - vision_congelato,media_tre_danni,0.19400843126497544,0.18855206398613905,0.19934023375384666,2000
test,vision_head_v2 - vision_head,nowalls-random,0.12012671093627189,0.1116662786946283,0.12897905225385914,2000
test,vision_head_v2 - vision_head,crop,0.3049952776509648,0.2957674427010701,0.3141979792583773,2000
test,vision_head_v2 - vision_head,patch,0.2608471162159306,0.25317379543057567,0.2682622331544602,2000
test,vision_head_v2 - vision_head,media_tre_danni,0.22865636826772243,0.2233750018205623,0.23398834336034358,2000
