split,system,damage,auc
valid,vision_congelato,nowalls-random,0.3920381627075064
valid,vision_congelato,crop,0.6605255455290898
valid,vision_congelato,patch,0.5209298936727768
valid,vision_congelato,media_tre_danni,0.5244978673031243
valid,vision_head,nowalls-random,0.539209239340232
valid,vision_head,crop,0.5190658160066232
valid,vision_head,patch,0.41539774818268294
valid,vision_head,media_tre_danni,0.4912242678431794
valid,vision_head_v2,nowalls-random,0.6668070133596968
valid,vision_head_v2,crop,0.8283871784494259
valid,vision_head_v2,patch,0.6730596515405922
valid,vision_head_v2,media_tre_danni,0.7227512811165717
test,vision_congelato,nowalls-random,0.39649670561713474
test,vision_congelato,crop,0.6542815502439625
test,vision_congelato,patch,0.5123112266518487
test,vision_congelato,media_tre_danni,0.5210298275043154
test,vision_head,nowalls-random,0.5324053616730186
test,vision_head,crop,0.5152357569225132
test,vision_head,patch,0.4115045529091731
test,vision_head,media_tre_danni,0.48638189050156827
test,vision_head_v2,nowalls-random,0.6525320726092905
test,vision_head_v2,crop,0.820231034573478
test,vision_head_v2,patch,0.6723516691251036
test,vision_head_v2,media_tre_danni,0.7150382587692908
