split,scope,auc_W,auc_sage_comb,delta,ci_lo,ci_hi,outcome,sd_replicas,noise_verdict
valid,media 4 repliche,,,0.009442715597765829,0.006425859790913334,0.012527441981512427,W più robusto,0.004441124742475199,sopra il rumore fra training
valid,s42,0.9053586696361501,0.8932634155104558,0.012095254125694435,0.006143468032676416,0.018065882992003263,,,
valid,s100042,0.9053247045706958,0.8999697530024374,0.005354951568258305,-0.0005687627525573293,0.01125361243499986,,,
valid,s200042,0.913169549247871,0.8988622307009064,0.014307318546964477,0.008690960712137166,0.019887132330153445,,,
valid,s300042,0.9035861130192255,0.8975727748690795,0.0060133381501461065,0.0004988778468648278,0.0116968751338815,,,
test,media 4 repliche,,,0.010681385854453157,0.007528725505966578,0.01377857342924981,W più robusto,0.00361078353331278,sopra il rumore fra training
test,s42,0.9031757495438991,0.8935146573330277,0.009661092210871478,0.0035937655820006825,0.015799761325671957,,,
test,s100042,0.9032288453400446,0.8948236605756296,0.008405184764415026,0.002460614824155346,0.014268237928786159,,,
test,s200042,0.9032673010576207,0.8946429170781437,0.008624383979476988,0.002834762218695445,0.014366798629906646,,,
test,s300042,0.9054656201231605,0.8894307376601113,0.016034882463049144,0.010180747997675401,0.021730224750990356,,,
